Movie_name,Year,Director(s),AVG,ALI,Masoud,Hossein,Ali H,Omid,Azin,Sajad,eVE,MehrNaZ,Shaqayeq,Sahar
Seven Samurai,1954,Akira Kurosawa,9.18,9.7,9.1,8.8,9.1,9.2,9.2,,,,,
Paths of Glory,1957,Stanley Kubrick,9.12,9,9.3,,,9.3,,,,,9,9
Grave of the Fireflies,1988,Isao Takahata,9.11,,8.7,8.8, ,,,9.6,9.1,9.1,9.3,9.2
Schindler's List,1993,Steven Spielberg,9.11,8.8,8.9,9.2,9,9.5,9,9,9,9,9.5,9.3
Cinema Paradiso,1988,Giuseppe Tornatore,9.08,9,9.2,8.9,,9.3,9,,,,,
Barry Lyndon ,1975,Stanley Kubrick,9.08,9.4,9.4,8.7,,9.4,,8.5,,,,
The Godfather,1972,Francis Ford Coppola,8.98,9.1,8.9,7.9,9,9.4,8.8,9.5,9,,9,9.2
Léon: The Professional,1994,Luc Besson,8.92,9.2,9.2,7.5,9.3,8.5,8.8,9.5,9.2,9,9,8.9
Once Upon a Time in the West,1968,Sergio Leone,8.9,8.9,8.9,,,8.9,,,,,,
12 Angry Men,1957,Sidney Lumet,8.9,7.9,8.8,9,,9.2,,,,,9.3,9.2
Underground,1995,Emir Kusturica,8.9,,,8.9,,,,,,,,
"The Good, the Bad and the Ugly ",1966,Sergio Leone,8.86,9.2,8.5,9,9.4,8.4,8.5,9,,,,
Gladiator,2000,Ridley Scott,8.81,9.3,9,8,9.5,9.4,9.4,8,9,,8.1,8.4
The Lord of the Rings: The Return of the King,2003,Peter Jackson,8.8,8.3,8.9,8.6,8.5,9,,9,8.9,9.2,,
The Godfather: Part II,1974,Francis Ford Coppola,8.8,8.2,,8.4,9.1,9.4,8.6,,,,8.9,9
Witness for the Prosecution,1957,Billy Wilder,8.8,8.3,,,,9.2,,,,,8.9,8.8
Das Boot ,1981,Wolfgang Petersen,8.8,8.9,,,,8.7,,,,,,
Wolfwalkers,2020,"Tomm Moore, Ross Stewart",8.8,8.8,,,,,,,,,,
The Kid,1921,Charles Chaplin,8.78,8.5,9,8.7,,8.9,,,,,,
Throne of Blood,1957,Akira Kurosawa,8.78,9.1,8.5,,9.1,8.4,,,,,,
Princess Mononoke,1997,Hayao Miyazaki,8.77,9.1,9,9.1,,,,,8.6,,8.3,8.5
Inception,2010,Christopher Nolan,8.76,7.8,8.2,8.7,9,9.1,9.6,8.4,8.6,8.9,9.1,9
Amadeus ,1984,Milos Forman,8.75,8.7,8.7,8.9,,8.7,,,,,,
Vertigo,1958,Alfred Hitchcock,8.75,8.8,8.1,9.1,,9.5,,,,,8.4,8.6
Once Upon a Time in America,1984,Sergio Leone,8.73,8.9,9,,8,9,,,,,,
The Crucible,1996,Nicholas Hytner,8.7,8.7,,,,,,,,,,
Animal Kingdom,2010,David Michod,8.7,8.7,,,,,,,,,,
Spirited Away,2001,Hayao Miyazaki,8.65,8.5,8,9,,,9,9.5,8.2,,8.4,8.6
Umberto D.,1952,Vittorio De Sica,8.65,,8.7,,,8.6,,,,,,
Lawrence of Arabia ,1962,David Lean,8.65,8.7,,,,8.6,,,,,,
Modern Times,1936,Charles Chaplin,8.63,8.6,8.4,9,,8.5,,,,,,
Bicycle Thieves ,1948,Vittorio De Sica,8.6,8.7,8.3,,,8.8,,,,,,
The Secret of Kells,2009,"Tomm Moore, Nora Twomey",8.6,9.2,8,,,,,,,,,
Papillon ,1973,Franklin J. Schaffner,8.6,8.6,,8.3,9,8.2,9,,8.5,,,
The Lord of the Rings: The Fellowship of the Ring,2001,Peter Jackson,8.58,8.2,8.6,8.5,,9,,,8.6,,,
Dial M for Murder,1954,Alfred Hitchcock,8.55,,,8.7,,8.8,,,,,8.3,8.4
Inside out,2015,"Pete Docter, Ronnie Del Carmen",8.55,7.9,8,8.9,,,8,,8.9,8.9,8.9,8.9
The Pianist ,2002,Roman Polanski,8.54,8.6,8.6,8.2,8.1,8.6,8.9,8.7,8.5,,8.7,8.5
Howl's Moving Castle ,2004,Hayao Miyazaki,8.54,8.4,8,9.1,,,,9.3,8.5,8.5,8.2,8.3
Psycho,1960,Alfred Hitchcock,8.53,,,8,,8.6,,,,,8.8,8.7
Interstellar,2014,Christopher Nolan,8.51,7.6,8,8.2,9,8.6,9.2,8,8.3,8.9,8.9,8.9
The Great Dictator,1940,Charles Chaplin,8.5,8.5,8,9,,,,,,,,
Ran,1985,Akira Kurosawa,8.5,,,,,8.5,,,,,,
21 Grams,2003,Alejandro G. Iñárritu,8.5,8.4,8.5,8.2,,8.5,8.9,,,,,
The Lives of Others,2006,Florian Henckel von Donnersmarck,8.48,,8.9,8,,9.1,,8,,,8.3,8.6
Fight Club,1999,David Fincher,8.47,7.8,8.5,9,9.5,8.2,9,8.7,8,,8,8
Three Colors: White,1994,Krzysztof Kieslowski,8.45,,8.2,8.7,,,,,,,,
"Aguirre, the Wrath of God",1972,Werner Herzog,8.45,9,,7.9,,,,,,,,
A Clockwork Orange,1971,Stanley Kubrick,8.44,8.7,8,7.8,,8,9,,,,8.5,9.1
Locke,2013,Steven Knight,8.43,8.4,,,9,7.9,,,,,,
The Lord of the Rings: The Two Towers,2002,Peter Jackson,8.43,8.2,8.3,8.4,8,8.9,8.8,,,,,
There Will Be Blood,2007,Paul Thomas Anderson,8.42,8.5,,8.5,,8.8,,,8.4,,8.1,8.2
Pulp Fiction,1994,Quentin Tarantino,8.41,7.6,,9.5,8.5,8.1,8,,,,8.7,8.5
The Tale of Princess Kaguya,2013,Isao Takahata,8.4,,8.4,,,,,,,,,
Persona,1966,Ingmar Bergman,8.4,,8,8.7,,8.8,8.4,,,,8.1,8.4
Double Indemnity,1944,Billy Wilder,8.4,,,,,8.4,,,,,,
Ben-Hur,1959,William Wyler,8.4,8.4,,,,,,,,,,
8½,1963,Federico Fellini,8.4,8.4,,,,,,,,,,
The Pursuit of Happyness,2006,Gabriele Muccino,8.37,,,,9,8.1,8,,,,,
The Treasure of the Sierra Madre,1948,John Huston,8.37,8.9,8,,,8.2,,,,,,
V for Vendetta ,2005,James McTeigue,8.36,8.3,,7.9,,8.5,9,,,8.1,,
The Elephant Man,1980,David Lynch,8.36,8.8,7.5,,8,8.7,8.9,,,,8.4,8.2
Rear Window,1954,Alfred Hitchcock,8.35,,,8.4,,8.5,,,,,8.2,8.3
It's a Wonderful Life,1946,Frank Capra,8.33,,,7.9,,,,,,,8.6,8.5
Lolita ,1962,Stanley Kubrick,8.33,8.6,,8,,8.4,,,,,,
Forrest Gump,1994,Robert Zemeckis,8.33,7.8,8.2,8,8.5,8.3,8,,8.4,,9,8.8
Raging Bull,1980,Martin Scorsese,8.33,8.6,,,,8.3,,,,,8.2,8.2
The Matrix,1999,"Lana Wachowski, Lilly Wachowski",8.32,7.8,,8.8,8,8.5,8.5,,,,,
Three Colors: Red,1994,Krzysztof Kieslowski,8.3,,8,8.7,,8,8.5,,,,,
Son of Saul,2015,László Nemes,8.3,,,,,8.3,,,,,,
The Bridge on the River Kwai,1957,David Lean,8.3,8.5,,,,8.1,,,,,,
Warrior ,2011,Gavin O'Connor,8.3,8.3,,,,,,,,,,
Downfall ,2004,Oliver Hirschbiegel,8.3,8.5,8.5,,8,8.9,,8,7.9,,,
The Shining,1980,Stanley Kubrick,8.3,8.5,,8.1,,8.4,8.9,,,,7.9,8
Rango,2011,Gore Verbinski,8.28,7.6,8.6,8,8.5,,,,8.7,,,
The Legend of 1900,1998,Giuseppe Tornatore,8.27,8.3,,8.5,,,8,,,,,
American History X,1998,Tony Kaye,8.27,,,,,7.9,,,,,8.5,8.4
Saving Private Ryan,1998,Steven Spielberg,8.26,8,8,8,8,8.6,,8.1,,,8.8,8.6
Rope,1948,Alfred Hitchcock,8.25,8.7,8,9,,8.2,,,,,7.7,7.9
Melancholia,2011,Lars von Trier,8.25,8.5,,8.5,,8.1,,,7.9,,,
Strangers on a Train,1951,Alfred Hitchcock,8.25,,,8.5,,8,,,,,,
Serpico,1973,Sidney Lumet,8.25,8.6,,,,7.9,,,,,,
Dogville,2003,Lars von Trier,8.25,,,9,,7.5,,,,,,
Gold Rush,1925,Charles Chaplin,8.25,7.5,,9,,,,,,,,
City of God,2002,"Fernando Meirelles, Kátia Lund",8.23,8.6,8.7,,,8.1,,7.9,,,8,8.1
Hotel Rwanda ,2004,Terry George,8.23,8.2,,,,8,,8.5,,,,
City Lights,1931,Charles Chaplin,8.23,8.5,8.3,8.1,,8,,,,,,
Mulholland Drive,2001,David Lynch,8.22,7.9,,,,8.8,8.5,,,,7.9,8
My Neighbor Totoro ,1988,Hayao Miyazaki,8.2,8.2,,8,,,,,,,8.2,8.4
Spartacus,1960,Stanley Kubrick,8.2,7.9,,8.5,,8.2,,,,,,
The 400 Blows,1959,François Truffaut,8.2,,,,,8.2,,,,,,
In the Mood for Love,2000,Kar-Wai Wong,8.2,,,,,8.2,,,,,,
Anatomy of a Murder,1959,Otto Preminger,8.2,,,,,8.2,,,,,,
Doctor Zhivago,1965,David Lean,8.2,8.2,,,,,,,,,,
Cloverfield,2008,Matt Reeves,8.2,8.2,,,,,,,,,,
Pirates of the Caribbean: The Curse of the Black Pearl,2003,Gore Verbinski,8.2,8.8,,8.5,9,7.4,,,7.8,,7.9,8
Scarface,1983,Brian De Palma,8.18,7.8,,7.5,9,8.2,,,,,8.2,8.4
Fantastic Mr.Fox,2009,Wes Anderson,8.18,7.9,8.8,8,,,,,8,,,
Casablanca,1942,Michael Curtiz,8.17,,,,,8.1,,,,,8.2,8.2
Memories of Murder,2003,Bong Joon Ho,8.17,,,,,8.3,,,,,8,8.2
Rebecca,1944,Alfred Hitchcock,8.17,,,,,8.2,,,,,8.2,8.1
Rashomon,1950,Akira Kurosawa,8.17,8.2,,8,,8.3,,,,,,
The King's Speech,2010,Tom Hooper,8.15,8.3,,,,,8,,,,,
For a Few Dollars More,1965,Sergio Leone,8.15,8.5,,,,7.8,,,,,,
The Usual Suspects,1995,Bryan Singer,8.14,8.2,,7.9,,8,,,,,8.3,8.3
The Prestige,2006,Christopher Nolan,8.13,7.5,7.7,8,,8.5,,,8.1,,8.6,8.5
Letters from Iwo Jima,2006,Clint Eastwood,8.1,8.3,,,,7.9,,,,,,
A Short Film About Killing,1988,Krzysztof Kieslowski,8.1,,8.1,8.1,,,,,,,,
Antichrist,2009,Lars von Trier,8.1,,8,8.2,,,,,,,,
Mad Max: Fury Road,2015,George Miller,8.1,8.5,,7.5,,8.5,,,,,8,8
The Irishman,2019,Martin Scorsese,8.1,8.3,,,9,8.1,,8,7.1,,,
Aliens,1986,James Cameron,8.1,8.1,,,,8.1,,,,,,
Talk to Her,2002,Pedro Almodóvar,8.1,,,,,8.1,,,,,,
I Saw the Devil,2010,Jee-woon Kim,8.1,,,,,8.1,,,,,,
Following,1998,Christopher Nolan,8.1,,,,,8.1,,,,,,
Burning,2018,Chang-dong Lee,8.1,,,,,8.1,,,,,,
A Fistful of Dollars,1964,Sergio Leone,8.1,8.4,,,,7.8,,,,,,
Signs,2002,M. Night Shyamalan,8.1,8.1,,,,,,,,,,
Killing Them Softly,2012,Andrew Dominik,8.1,8.1,,,,,,,,,,
The Sixth Sense,1999,M. Night Shyamalan,8.08,8.2,7.3,,,8.2,,,,,8.4,8.3
Full Metal Jacket,1987,Stanley Kubrick,8.08,8.2,8.2,7.7,,8.2,,,,,,
The Truman Show,1998,Peter Weir,8.07,7.6,,7.9,,8.1,8.5,,,,8.1,8.2
The Hateful Eight,2015,Quentin Tarantino,8.07,8.4,,8,,7.8,,,,,,
Glengarry Glen Ross,1992,James Foley,8.05,8.6,8.4,7.3,,7.9,,,,,,
Isle of Dogs,2018,Wes Anderson,8.05,8,8.1,,,,,,,,,
Chinatown,1974,Roman Polanski,8.05,,,7,,8.7,,,,,8.2,8.3
Dogtooth,2009,Yorgos Lanthimos,8.05,,,8.6,,7.5,,,,,,
The Message,1976,Moustapha Akkad,8.03,7.6,8,,,8.5,,,,,,
The Double Life of Véronique,1991,Krzysztof Kieslowski,8.03,7.4,7.6,9.1,,,,,,,,
Braveheart,1995,Mel Gibson,8.03,8.5,,7.5,,8.1,,,,,,
The Grand Budapest Hotel,2014,Wes Anderson,8.01,8.6,8.7,8.3,,7.4,8.7,,,,7.1,7.3
Goodfellas,1990,Martin Scorsese,8,,8.3,7.5,,8.2,,,,,,
A Prophet,2009,Jacques Audiard,8,,8,,,8,,,,,,
Ugetsu,1953,Kenji Mizoguchi,8,,8,,,,,,,,,
Dog Day Afternoon,1975,Sidney Lumet,8,8.1,,7.9,,7.8,,,,,8,8.2
My Left Foot,1989,Jim Sheridan,8,,,7.9,,,,,,,8,8.1
A Serious Man,2009,"Ethan Coen, Joel Coen",8,,,,,,,,8,,,
Heat,1995,Michael Mann,8,8.5,,7.2,9,8,,,7.3,,,
Unforgiven,1992,Clint Eastwood,8,,,,,8,,,,,,
To Kill a Mockingbird,1962,Robert Mulligan,8,,,,,8,,,,,,
The Searchers,1956,John Ford,8,,,,,8,,,,,,
The Deer Hunter,1978,Michael Cimino,8,,,,,8,,,,,,
Lost Highway,1997,David Lynch,8,,,,,8,,,,,,
Le Samouraï,1967,Jean-Pierre Melville,8,,,,,8,,,,,,
Cool Hand Luke,1967,Stuart Rosenberg,8,,,,,8,,,,,,
The Killing,1956,Stanley Kubrick,8,8.2,,,,7.8,,,,,,
Nausicaa of the Valley of the Wind ,1984,Hayao Miyazaki,8,7.5,,8.5,,,,,,,,
The Passion of Anna,1969,Ingmar Bergman,8,,,8,,,,,,,,
Blind Chance,1987,Krzysztof Kieslowski,8,,,8,,,,,,,,
The Last of the Mohicans,1992,Michael Mann,8,8.1,,7.9,,,,,,,,
The Story of O,1975,Just Jaeckin,8,8,,,,,,,,,,
The Princess Bride ,1987,Rob Reiner,8,8,,,,,,,,,,
Thank You for Smoking,2005,Jason Reitman,8,8,,,,,,,,,,
Taras Bulba,1962,J. Lee Thompson,8,8,,,,,,,,,,
Burn After Reading,2008,"Ethan Coen, Joel Coen",8,8,,,,,,,,,,
A.I. Artificial Intelligence,2001,Steven Spielberg,8,8,,,,,,,,,,
zorba the Greek,1964,Michael Cacoyannis,8,,,8,,,,,,,,
What we do in the shadows,2014,"Taika Waititi, Jemaine Clement",8,,,8,,,,,,,,
North by Northwest,1959,Alfred Hitchcock,7.97,,,,,7.8,,,,,8,8.1
Kingdom of Heaven,2005,Ridley Scott,7.97,7.5,,8.5,,7.9,,,,,,
The Cabinet of Dr. Caligari,1920,Robert Wiene,7.95,,,8,,7.9,,,,,,
1492: Conquest of Paradise,1992,Ridley Scott,7.95,7.9,,8,,,,,,,,
The Intouchables,2011,"Olivier Nakache, Éric Toledano",7.94,8,8.2,8.1,,7.9,,,7.7,,7.8,7.9
Dr. Strangelove,1964,Stanley Kubrick,7.94,7.6,8.5,8.2,,7.8,,,7.6,,,
Eternal Sunshine of the Spotless Mind,2004,Michel Gondry,7.94,8,,,,8,,,7.5,,8.2,8
Dallas Buyers Club,2013,Jean-Marc Vallée,7.93,,,7.2,,8.1,,8.5,,,,
Terminator 2: Judgment Day,1991,James Cameron,7.93,7.3,7.5,,8.3,8.6,,,,,,
Eyes Wide shut,1999,Stanley Kubrick,7.93,8.4,,7.7,,7.9,,,7.7,,,
Army of Shadows,1969,Jean-Pierre Melville,7.9,7.8,8.3,,,7.6,,,,,,
Stalker,1979,Andrei Tarkovsky,7.9,,8,,,7.8,,,,,,
Lost in Translation,2003,Sofia Coppola,7.9,,,,,7.9,,,,,,
Infernal Affairs,2002,"Andrew Lau, Alan Mak",7.9,,,,,7.9,,,,,,
In the Heat of the Night,1967,Norman Jewison,7.9,,,,,7.9,,,,,,
Escape from Alcatraz,1979,Don Siegel,7.9,,,,,7.9,,,,,,
Crash,2004,Paul Haggis,7.9,,,,,7.9,,,,,,
Breathless,1960,Jean-Luc Godard,7.9,,,,,7.9,,,,,,
3-Iron,2004,Kim Ki-duk,7.9,,,,,7.9,,,,,,
8 Mile,2002,Curtis Hanson,7.9,,,,7.9,,,,,,,
Taste of Cherry,1997,Abbas Kiarostami,7.9,,,7.9,,,,,,,,
Pan's Labyrinth,2006,Guillermo del Toro,7.9,8.1,,7.7,,,,,,,,
Amistad,1997,Steven Spielberg,7.9,7.9,,,,,,,,,,
African Cats,2011,"Keith Scholey, Alastair Fothergill",7.9,7.9,,,,,,,,,,
The Dry,2020,Robert Connolly,7.9,7.9,,,,,,,,,,
The Sisters Brothers,2018,Jacques Audiard,7.9,7.9,,,,,,,,,,
Mother!,2017,Darren Aronofsky,7.9,,7.4,8.1,,8.2,,,,,,
Groundhog Day,1993,Harold Ramis,7.87,,,,,7.8,,,,,7.9,7.9
Green Book,2018,Peter Farrelly,7.87,7.7,7,,,8.1,,,,8.3,8.1,8
Room,2015,Lenny Abrahamson,7.86,,,7.5,,8,,,7.9,,8,7.9
Seven Psychopaths,2012,Martin McDonagh,7.85,8.1,,,,,,,7.6,,,
Upgrade,2018,Leigh Whannell,7.83,7.7,8.1,8,,7.5,,,,,,
Scent of a Woman,1992,Martin Brest,7.83,,,,,7.9,,,7.7,,7.9,7.8
Manchester by the Sea,2016,Kenneth Lonergan,7.83,8.1,6.5,,,8.5,,8.2,,,,
Trainspotting,1996,Danny Boyle,7.83,7.7,8,7.6,,8,,,,,,
L.A. Confidential,1997,Curtis Hanson,7.8,7.7,,,,8,,,7.7,,,
The Birds,1963,Alfred Hitchcock,7.8,7.8,,8,,7.8,,,,,7.7,7.7
Children of Men,2006,Alfonso Cuarón,7.8,8.4,,,,7.8,,,7.2,,,
Charade,1963,Stanley Donen,7.8,,,,,7.8,,,,,,
Carlito's Way,1993,Brian De Palma,7.8,,,,,7.8,,,,,,
Blade Runner 2049,2017,Denis Villeneuve,7.8,,,,,7.8,,,,,,
Belle de Jour,1967,Luis Buñuel,7.8,,,,,7.8,,,,,,
Porco Rosso ,1992,Hayao Miyazaki,7.8,7.8,,,,,,,,,,
Mission: Impossible - Ghost Protocol,2011,Brad Bird,7.8,,,,8,7.6,,,,,,
No Country for Old Men,2007,"Ethan Coen, Joel Coen",7.77,,8.2,7,,8.3,,,8.3,,7.3,7.5
Requiem for a Dream,2000,Darren Aronofsky,7.77,7.4,,8,,7.9,,,,,,
Taxi Driver,1976,Martin Scorsese,7.76,7.5,7.3,7.4,8.2,8.4,,,,,,
Shutter Island,2010,Martin Scorsese,7.76,6.9,,8,7.4,8.7,,,7.8,,,
Citizen Kane,1941,Orson Welles,7.75,,,7.3,,8.2,,,,,,
The Girl with the Dragon Tattoo,2009,Niels Arden Oplev,7.75,7.4,,,,8.1,,,,,,
Mission: Impossible - Fallout,2018,"Anthony Russo, Joe Russo",7.75,8,,,7.5,,,,,,,
The English Patient,1996,Anthony Minghella,7.75,7.5,,8,,,,,,,,
Pirates of the Caribbean: Dead Man's Chest,2006,Gore Verbinski,7.74,7.9,,8.5,9,7.1,,,7.3,,7.2,7.2
In Bruges,2008,Martin McDonagh,7.74,7.7,8.1,7.5,,7.4,,,8,,,
The Game,1997,David Fincher,7.73,,7.2,8.8,,7.2,,,,,,
Snowpiercer,2013,Bong Joon Ho,7.73,,,8,,7.7,,,7.5,,,
The Killing of a Sacred Deer,2017,Yorgos Lanthimos,7.72,6.8,8,7.5,,8.1,,,8.2,,,
The Departed,2006,Martin Scorsese,7.7,6.9,,7.2,8.1,8.6,,,,,,
Leviathan,2014,Andrey Zvyagintsev,7.7,,7.7,,,,,,,,,
2001: A Space Odyssey,1968,Stanley Kubrick,7.7,8.4,,,7.5,8.6,,,,,7,7
The Godfather: Part III,1990,Francis Ford Coppola,7.7,7.5,,,7.5,8.1,,,,,,
Hugo,2011,Martin Scorsese,7.7,7.5,,7.5,,8.1,,,,,,
Reservoir Dogs,1992,Quentin Tarantino,7.7,,,7.5,,7.9,,,,,,
The Great Escape,1963,John Sturges,7.7,7.5,,,,7.9,,,,,,
True Grit,2010,"Ethan Coen, Joel Coen",7.7,,,,,7.7,,,,,,
The Seventh Seal,1957,Ingmar Bergman,7.7,,,,,7.7,,,,,,
Doubt,2008,John Patrick Shanley,7.7,,,,,7.7,,,,,,
Dances with Wolves,1990,Kevin Costner,7.7,,,,,7.7,,,,,,
Casino,1995,Martin Scorsese,7.7,,,,,7.7,,,,,,
Night on Earth,1991,Jim Jarmusch,7.7,,,7.7,,,,,,,,
Certified Copy,2010,Abbas Kiarostami,7.7,,,7.7,,,,,,,,
The Night Porter,1974,Liliana Cavani,7.7,7.7,,,,,,,,,,
The Belko Experiment,2016,Greg McLean,7.7,7.7,,,,,,,,,,
Carnage,2011,Roman Polanski,7.7,7.7,,,,,,,,,,
In the Name of the Father,1993,Jim Sheridan,7.7,,,7.2,,8.2,,,,,,
The Silence of the Lambs,1991,Jonathan Demme,7.7,7.8,,7.1,,8.2,,,,,,
Biutiful,2010,Alejandro G. Iñárritu,7.7,7.3,,8.1,,,,,,,,
ET the Extra-Terrestrial,1982,Steven Spielberg,7.7,8.1,,7.3,,,,,,,,
The Dark Knight ,2008,Christopher Nolan,7.69,5.5,7,7.8,9,8.7,,7.5,7.7,8.3,,
The Terminal,2004,Steven Spielberg,7.68,7.9,,7.9,,7.7,,7.7,,,7.5,7.4
Parasite,2019,Bong Joon Ho,7.67,7.2,7,,5,8.9,9.6,8.1,7.6,7.2,8,8.1
Incendies ,2010,Denis Villeneuve,7.67,,7,,,8.7,,,7.3,,,
Rosemary's Baby ,1968,Roman Polanski,7.67,7.8,,7.9,,7.3,,,,,,
Midsommar,2019,Ari Aster,7.66,8.3,8,6.5,,7.8,,,7.7,,,
The Girl with the Dragon Tattoo,2011,David Fincher,7.65,7.1,7.6,8,,7.9,,,,,,
Three Colors: Blue,1993,Krzysztof Kieslowski,7.65,6.9,7.3,8.8,,7.6,,,,,,
Wild Tales,2014,Damián Szifron,7.65,,,,,7.7,,,7.6,,,
Blade Runner,1982,Ridley Scott,7.65,7.3,,,,8,,,,,,
Big Hero 6,2014,"Don Hall, Chris Williams",7.65,6.8,,8.5,,,,,,,,
Punch-Drunk Love,2002,Paul Thomas Anderson,7.65,7.3,,,8,,,,,,,
Cloud Atlas,2012,Wachawskis,7.65,7.3,,8,,,,,,,,
Arabian Nights,1974,Pier Paolo Pasolini,7.65,8.2,,,,7.1,,,,,,
Coherence,2013,James Ward Byrkit,7.64,7.8,8,7.1,,7.6,,,7.7,,,
Oldboy,2003,Chan-wook Park,7.63,6.8,8.4,6.9,,8.9,,,7,7.8,,
Jojo Rabbit,2019,Taika Waititi,7.63,7.5,,7.5,,,,,7.9,,,
One Flew Over the Cuckoo's Nest,1975,Milos Forman,7.63,7.4,8,7,,8.1,,,,,,
Life Is Beautiful,1997,Roberto Benigni,7.63,6.9,8,7.5,,8.1,,,,,,
The Devil's Advocate,1997,Taylor Hackford,7.63,7.8,,7.8,,7.5,,,7.4,,,
The Shawshank Redemption,1994,Frank Darabont,7.63,7.1,,7.2,8.5,7.7,,,,,,
Amélie,2001,Jean-Pierre Jeunet,7.62,7,,8.1,,8.1,,,7.4,7.5,,
Django Unchained,2012,Quentin Tarantino,7.62,7.1,,8,,8.3,,,,,7.4,7.3
Se7en,1995,David Fincher,7.62,7.2,7.3,7.1,,8.1,8.2,,7.8,,,
1917,2019,Sam Mendes,7.6,7.4,,,,8.1,,7.5,7.4,,,
Training Day,2001,Antoine Fuqua,7.6,,,,,7.6,,,,,,
The Yellow Sea,2010,Hong-jin Na,7.6,,,,,7.6,,,,,,
The Wild Bunch,1969,Sam Peckinpah,7.6,,,,,7.6,,,,,,
The Lighthouse,2019,Robert Eggers,7.6,,,,,7.6,,,,,,
The Chaser,2008,Hong-jin Na,7.6,,,,,7.6,,,,,,
Wild at Heart,1990,David Lynch,7.6,,,7.6,,,,,,,,
Only Lovers Left Alive,2013,Jim Jarmusch,7.6,,,7.6,,,,,,,,
Rain Man,1988,Barry Levinson,7.6,8,,7.2,,,,,,,,
The Descent,2005,Neil Marshall,7.6,7.6,,,,,,,,,,
The Circus,1928,Charles Chaplin,7.6,7.6,,,,,,,,,,
Independence Day,1996,Roland Emmerich,7.6,7.6,,,,,,,,,,
Dark Water,2005,Walter Salles,7.6,7.6,,,,,,,,,,
All Quiet on the Western Front,1930,Lewis Milestone,7.6,7.6,,,,,,,,,,
The Day the Earth Stood Still,1951,Robert Wise,7.6,7.6,,,,,,,,,,
Hot Fuzz,2018,Edgar Wright,7.6,7.6,,,,,,,,,,
Once Upon a Time... In Hollywood,2019,Quentin Tarantino,7.6,8.1,,8,8,7.2,,,6.7,,,
Mother,2009,Bong Joon Ho,7.6,,,,,7.6,,,,,,
A Separation,2011,Asghar Farhadi,7.58,7.5,7.5,7.4,,8,,,7.5,,,
Liar Liar,1997,Tom Shadyac,7.57,6.9,,,8,,,,,7.8,,
The Apartment,1960,Billy Wilder,7.55,8,,7.6,,,,,,,7.2,7.4
Life and a Day,2016,Saeed Roustayi,7.55,,7.5,,,7.6,,,,,,
Mission: Impossible - Fallout,2018,Christopher McQuarrie,7.55,,,,7.5,7.6,,,,,,
Blood Diamond,2006,Edward Zwick,7.55,7.6,,,,7.5,,,,,,
WALL-E,2008,,7.53,7,,7.1,8,,,,8,,,
A Beautiful Mind,2001,Ron Howard,7.52,7.2,,7.9,,8,,7.5,7,,,
Climax,2018,Gaspar Noé,7.5,6.5,8,8,,,,,,,,
I'm Thinking of Ending Things,2020,Charlie Kaufman,7.5,7.6,,,,,,,7.4,,,
A Short Film About Love,1988,Krzysztof Kieslowski,7.5,,7.5,,,,,,,,,
The Twilight Samurai,2002,Yôji Yamada,7.5,,7.5,,,,,,,,,
Gran Torino,2008,Clint Eastwood,7.5,,7,,,8,,,,,,
Uncut Gems,2019,"Benny Safdie, Josh Safdie",7.5,8.4,,,7,7.6,,,7,,,
Master and Commander: The Far Side of the World,2003,Peter Weir,7.5,7,,,,8,,,,,,
Alien,1979,Ridley Scott,7.5,7,,,,8,,,,,,
Ghost Dog: The Way of the Samurai,1999,Jim Jarmusch,7.5,,,,,7.5,,,,,,
Bad Boys,1995,Michael Bay,7.5,,,,8.5,6.5,,,,,,
The Rabbi's Cat,2011,"Antoine Delesvaux, Joann Sfar",7.5,7,,8,,,,,,,,
Castle in the Sky,1986,Hayao Miyazaki,7.5,7.4,,7.6,,,,,,,,
The Hours,2002,Stephen Daldry,7.5,,,7.5,,,,,,,,
Metropolis,1927,Fritz Lang,7.5,8,,7,,,,,,,,
The Illusionist ,2010,,7.5,7.5,,,,,,,,,,
Dark Waters,2019,Todd Haynes,7.5,7.5,,,,,,,,,,
Cinderella Man,2005,,7.5,7.5,,,,,,,,,,
As Far As My Feet Will Carry Me,2001,,7.5,7.5,,,,,,,,,,
Falling Down,1993,Joel Schumacher,7.5,7.5,,,,,,,,,,
The Art of Self-defense,2019,Riley Stearns,7.5,7.5,,,,,,,,,,
Modigliani,2004,Mick Davis,7.5,,,7.5,,,,,,,,
From Hell,2001," Albert Hughes, Allen Hughes",7.5,,,7.5,,,,,,,,
The wizard of OZ,1939,Victor Fleming,7.5,,,7.5,,,,,,,,
Riders of Justice,2020,Anders Thomas Jensen,7.5,,,,,7.5,,,,,,
Pirates of the Caribbean: At World's End,2007,Gore Verbinski,7.46,7.5,,8.5,8,7.1,,,7,,7,7.1
The Father,2020,Florian Zeller,7.45,,7.4,7.5,,,,,,,,
The Handmaiden,2016,Chan-wook Park,7.45,,,,,7.9,,,,7,,
The Graduate,1967,Mike Nichols,7.45,7.3,,,,7.6,,,,,,
Batman Returns,1992,Tim Burton,7.45,,,7.1,7.8,,,,,,,
The Hunt,2012,Thomas Vinterberg,7.43,,7,,,8.1,,,7.2,,,
Sabrina,1954,Billy Wilder,7.43,,,8,,,,,,,7.1,7.2
Memento,2000,Christopher Nolan,7.42,6.4,6.9,8,,7.8,,,,8,,
Eastern Promises,2007,David Cronenberg,7.4,,,,,7.7,,,7.1,,,
Casino Royale,2006,Martin Campbell,7.4,6.8,,,,8,,,,,,
The Exorcist,1973,William Friedkin,7.4,7,,,,7.8,,,,,,
Cast Away,2000,Robert Zemeckis,7.4,7,,,,7.8,,,,,,
9,2009,Shane Acker,7.4,6.5,,8.3,,,,,,,,
The King of Comedy,1982,Martin Scorsese,7.4,,,7.4,,,,,,,,
Avanti!,1972,Billy Wilder,7.4,,,7.4,,,,,,,,
The Last Emperor,1987,Bernardo Bertolucci,7.4,7.4,,,,,,,,,,
The Diving Bell and the Butterfly,2007,Julian Schnabel,7.4,7.4,,,,,,,,,,
Nosferatu,1922,,7.4,7.4,,,,,,,,,,
Frost/Nixon,2008,Ron Howard,7.4,7.4,,,,,,,,,,
Ford v Ferrari,2019,James Mangold,7.4,7,,,,7.8,,,,,,
Just 6.5,2019,Saeed Roustayi,7.4,7,7.4,,,7.8,,,,,,
Nebraska,2013,Alexander Payne,7.4,7.2,7.3,7.7,,,,,,,,
Birdman or (The Unexpected Virtue of Ignorance),2014,Alejandro G. Iñárritu,7.4,6.9,,7.6,,7.7,,,,,,
The Lion King,1994,,7.4,7.5,,7.2,7.5,,,,,,,
Fury,2014,David Ayer,7.38,6.9,,,8,7.1,,7.5,7.4,,,
The Secret in Their Eyes,2009,Juan José Campanella,7.38,6.5,7.5,,,8.7,,,6.8,,,
Nocturnal Animals,2016,Tom Ford,7.38,7,,,,7.8,7.5,,7.2,,,
The Social Network,2010,David Fincher,7.38,7,,7.5,,,,7.5,7.5,,,
The Trial of the Chicago 7,2020,Aaron Sorkin,7.38,7.3,,7,,,,8.5,6.7,,,
The Professional,1981,Georges Lautner,7.37,,7,,,7.9,,7.2,,,,
Another Round,2020,Thomas Vinterberg,7.37,6.3,7.8,8,,,,,,,,
Lincoln,2012,Steven Spielberg,7.37,7.1,,,,8,,,7,,,
3:10 to Yuma,2007,James Mangold,7.37,7.2,,,7,7.9,,,,,,
Black Swan,2010,Darren Aronofsky,7.36,6.7,,7.5,,7.9,,8,6.7,,,
The Imitation Game,2014,Morten Tyldum,7.35,7,7,7,7.2,7.9,,,8,,,
The Master,2012,Paul Thomas Anderson,7.35,,7,,,7.7,,,,,,
Gloomy Sunday (The Piano Player),1999,Rolf Schubel,7.35,,7,,,,,,7.7,,,
Enemy at the Gates,2001,Jean-Jacques Annaud,7.35,,6.9,,,7.8,,,,,,
Mission: Impossible - Rogue Nation,2015,Christopher McQuarrie,7.35,,,,7.1,7.6,,,,,,
Looper,2012,Rian Johnson,7.35,,,,,7.4,,,7.3,,,
Unbreakable,2000,M. Night Shyamalan,7.35,7.5,,,,7.2,,,,,,
"Salò, or the 120 Days of Sodom",1975,Pier Paolo Pasolini,7.35,8,,,,6.7,,,,,,
Edward Scissorhands,1990,Tim Burton,7.35,6.8,,7.9,,,,,,,,
The Lobster,2015,Yorgos Lanthimos,7.33,6.9,7.5,7.4,,7.8,,6.9,7.5,,,
"Three Billboards Outside Ebbing, Missouri",2017,Martin McDonagh,7.33,6.8,7.5,,,7.7,,,,,,
Coco,2017,,7.32,7.1,7.3,7,,,,7.5,7.5,7.5,,
K-PAX,2001,Iain Softley,7.3,7.4,,7.2,,,,,,,,
Zodiac,2007,David Fincher,7.3,7.4,7,7.6,,7.6,,,6.9,,,
My life as a Courgette,2016,Claude Barras,7.3,,7.3,,,,,,,,,
Soul,2020,Peter Docter,7.3,6.9,7,8.5,,,,,6.8,,,
The Great Gatsby,2013,Baz Luhrmann,7.3,7.2,,,,7.7,,,7,,,
Jaws,1975,Steven Spielberg,7.3,6.8,,,,7.8,,,,,,
The Body,2012,Oriol Paulo,7.3,,,,,7.3,,,,,,
Shadow,2018,Yimou Zhang,7.3,,,,,7.3,,,,,,
Mosul,2019,Matthew Michael Carnahan,7.3,,,,,7.3,,,,,,
Butch Cassidy and the Sundance Kid,1969,George Roy Hill,7.3,,,,,7.3,,,,,,
13 Assassins,2010,Takashi Miike,7.3,,,,,7.3,,,,,,
Inglourious Bastards,2007,Quentin Tarantino,7.3,7,,7.2,8.2,6.8,,,,,,
Ernest & Celestine,2012,,7.3,7.3,,,,,,,,,,
The Wolf of Wall Street,2013,Martin Scorsese,7.3,6.8,7,7,8,8,,7,7.3,,,
The Revenant,2015,Alejandro G. Iñárritu,7.28,7,7,6.5,,8.6,,,,,,
Klaus,2019,Sergio Pablos,7.25,,7,7.5,,,,,,,,
The Others,2001,Alejandro Amenábar,7.25,7,,,,7.5,,,,,,
men in black,1997,,7.25,7,,,7.5,,,,,,,
Nymphomaniac: Vol. I,2013,Lars von Trier,7.23,7.3,,8,,6.4,,,,,,
Finding Nemo,2003,,7.23,7.5,,7,,,,,7.2,,,
The Green Mile,1999,Frank Darabont,7.23,7.3,,6.9,,7.5,,,,,,
The Dark Knight Rises,2012,Christopher Nolan,7.23,5.6,6.5,7.5,7.2,8.3,,,7.7,7.8,,
Hacksaw Ridge,2016,Mel Gibson,7.23,6.6,,,,7.7,,6.8,7.8,,,
Face/Off,1997,John Woo,7.2,6.7,,6.9,7.8,7.4,,,,,,
I lost my body,2019,Jeremy Clapin,7.2,,7.2,,,,,,,,,
10 Cloverfield Lane,2016,Dan Trachtenberg,7.2,6.3,,,,7.8,,,7.5,,,
Ex Machina,2014,Alex Garland,7.2,,,6.9,,7.5,,,,,,
The Matrix Reloaded,2003,"Lana Wachowski, Lilly Wachowski",7.2,,,,,7.2,,,,,,
The Looming Storm,2017,Yue Dong,7.2,,,,,7.2,,,,,,
The Hurt Locker,2008,Kathryn Bigelow,7.2,,,,,7.2,,,,,,
The French Connection,1971,William Friedkin,7.2,,,,,7.2,,,,,,
Match Point,2005,Woody Allen,7.2,,,7.2,,,,,,,,
Bonnie and Clyde,1967,Arthur Penn,7.2,,,7.2,,,,,,,,
Big Eyes,2014,Tim Burton,7.2,,,7.2,,,,,,,,
The Visit,2015,,7.2,7.2,,,,,,,,,,
The Shape of Water,2017,,7.2,7.2,,,,,,,,,,
The Piano Teacher,2001,Michael Haneke,7.2,7.2,,,,,,,,,,
All the money in the world,2017,,7.2,7.2,,,,,,,,,,
Gerald's Game,2017,Mike Flanagan,7.2,7.2,,,,,,,,,,
Breaking the Wave,1996,Lars Von Trier,7.2,,,7.2,,,,,,,,
yes man,2008,,7.2,6.6,,,7.8,,,,,,,
Sweeney Todd: The Demon Barber of Fleet Street,2007,Tim Burton,7.2,6.8,,7.6,,,,,,,,
Catch Me If You Can,2002,Steven Spielberg,7.18,7.2,,6.9,7.3,7.5,,,7,,,
Get Out,2017,Jordan Peele,7.17,7.1,,,,7.4,,7,,,,
Mystic River,2003,Clint Eastwood,7.17,6.6,,,,7.8,,,7.1,,,
"Monsters, Inc",2001,,7.17,6.9,,7,,7.6,,,,,,
The Nice Guys,2016,Shane Black,7.17,7.1,,,,7.2,,,7.2,,,
Finding Steve McQueen,2019,Mark Steven Johnson,7.15,8.1,,,,,,,6.2,,,
Shame,2011,Steve McQueen,7.15,6.2,,,,8.1,,,,,,
Bad Boys II,2003,Michael Bay,7.15,,,,8,6.3,,,,,,
Mary and Max,,,7.15,7.2,,7.1,,,,,,,,
Ted,2012,Seth MacFarlane,7.15,6.8,,,7.5,,,,,,,
Avatar,2009,James Cameron,7.14,6,6.9,8.1,,7.9,,,6.8,,,
12 Years a Slave,2013,Steve McQueen,7.13,6.8,6.5,,,8.1,,,,,,
Troy,2004,Wolfgang Petersen,7.13,6,,,8,7.4,,,,,,
The Conjuring,2013,James Wan,7.13,7.3,,,6.5,7.6,,,,,,
The Best Offer,2013,Giuseppe Tornatore,7.13,6.8,,8,,6.6,,,,,,
Skyfall,2012,Sam Mendes,7.13,6.7,,,7,7.7,,,,,,
The Curious Case of Benjamin Button,2008,David Fincher,7.1,,7,7.5,,6.8,,,,,,
Charlie and the Chocolate Factory,2005,Tim Burton,7.1,6.4,,7.5,,,,,7.4,,,
Insomnia,2002,Christopher Nolan,7.1,7.2,,6.7,,7.4,,,,,,
Kill Bill: Vol. 2,2004,Quentin Tarantino,7.1,6.8,,7.5,,7,,,,,,
Kill Bill: Vol. 1,2003,Quentin Tarantino,7.1,6.8,,7.5,,7,,,,,,
The Guard,2011,John Michael McDonagh,7.1,7.2,7,,,,,,,,,
Nightcrawler,2014,Dan Gilroy,7.1,,,,,7.2,,,7,,,
The Count of Monte Cristo,2002,Kevin Reynolds,7.1,6.4,,,,7.8,,,,,,
Irreversible,2002,Gaspar Noé,7.1,,,,,7.1,,,,,,
A Bittersweet Life,2005,Jee-woon Kim,7.1,,,,,7.1,,,,,,
the jungle book,2016,,7.1,7.1,,,,,,,,,,
Roman Holiday,1953,,7.1,7.1,,,,,,,,,,
One A.M.,1916,,7.1,7.1,,,,,,,,,,
Minuscule - Valley of the Lost Ants,2013,,7.1,7.1,,,,,,,,,,
Fanny and Alexander,1982,Ingmar Bergman,7.1,7.1,,,,,,,,,,
Everybodys Fine,2009,,7.1,7.1,,,,,,,,,,
The Invitation,2015,Karyn Kusama,7.1,7.1,,,,,,,,,,
Spotlight,2015,Tom McCarthy,7.1,7,7.2,7.3,7,6.9,,7.5,6.8,,,
Starred Up,2013,David Mackenzie,7.1,,,,,7.1,,,,,,
Malena,2000,Giuseppe Tornatore,7.08,6.4,,7.5,,7.5,,,6.9,,,
The Invisible Guest,2016,Oriol Paulo,7.07,,6.7,,,7.5,,,7,,,
Jurassic Park,1993,Steven Spielberg,7.07,6.9,,,7.3,7,,,,,,
Kiki Delivery Service,1989,Hayao Miyazaki,7.05,6.9,,7.2,,,,,,,,
A Good Year,2006,,7.05,6.9,,7.2,,,,,,,,
King Kong,2005,Peter Jackson,7.05,7.2,,6.9,,,,,,,,
the man who wasn’t there,,"Joel Coen, Ethan Coen",7.05,,7.1,7,,,,,,,,
Darkest Hour,2017,Joe Wright,7.05,,7,,,,,,7.1,,,
who am I,2014,,7.05,7,,,,,,,7.1,,,
12 Monkeys,1995,Terry Gilliam,7.05,7,,,,7.1,,,,,,
harry potter and the half blood prince,,,7.05,6.5,,,7.6,,,,,,,
Big Fish,2003,,7.05,6.5,,7.6,,,,,,,,
Some Like it Hot,1959,Billy Wilder,7.05,7.1,,7,,,,,,,,
goyas ghosts,,,7.05,7.1,,7,,,,,,,,
Up,2009,,7.03,6.9,,7.2,,,,,7,,,
harry potter and the deathly hallows 1,,,7.03,7,,6.6,,,,7.5,,,,
The Terminator,1984,James Cameron,7.03,7,,,6.5,7.6,,,,,,
toystory3,,,7.03,6.8,6.8,7.1,,,,,7.4,,,
Tenet,2020,Christopher Nolan,7.03,,6,,8,7.5,,,6.6,,,
The Conformist,1970,Bernardo Bertolucci,7,,7,,,,,,,,,
Only Yesterday,1991,Takahata,7,,7,,,,,,,,,
a million dollar baby,2004,Clint Eastwood,7,7,7,,,,,7,,,,
A Quiet Place,2018,John Krasinski,7,7.3,6.7,,,7,,,7,,,
The Salesman,2016,Asghar Farhadi,7,6.9,6.6,7,,7.5,,,,,,
Zootopia,,,7,6.9,,7.2,,,,,6.9,,,
The Favourite,2018,Yorgos Lanthimos,7,6,,,,8,,,,,,
The Conversation,1974,Francis Ford Coppola,7,,,,,7,,,,,,
Manhunter,1986,Michael Mann,7,,,,,7,,,,,,
Wild,2014,Jean Mark Vallee,7,,,7,,,,7,,,,
The Song of Bernadette,,,7,,,7,,,,,,,,
Tully,2018,,7,7,,,,,,,,,,
to rome with love,2012,,7,7,,,,,,,,,,
The Visitors,,,7,7,,,,,,,,,,
the reader,,,7,7,,,,,,,,,,
The Pirates! Band of Misfits,2012,,7,7,,,,,,,,,,
the patriot,,,7,7,,,,,,,,,,
stealing beauty,1996,,7,7,,,,,,,,,,
Slumdog Millionaire,2008,,7,7,,,,,,,,,,
Red Dragon,2002,,7,7,,,,,,,,,,
Never Let Me Go,2010,,7,7,,,,,,,,,,
Chappie,2015,,7,7,,,,,,,,,,
Ace Ventura: pet detective,1994,,7,7,,,,,,,,,,
Martha Marcy May Marlene,2011,Sean Durkin,7,7,,,,,,,,,,
Hush,2016,Mike Flanagan,7,7,,,,,,,,,,
The Good Girl,2002,Miguel Arteta,7,7,,,,,,,,,,
End of Watch,2012,David Ayer,7,7,,,,,,,,,,
The Assasination of Jesse James by the Coward Robet Ford,2007,Andrew Dominik,7,7,,,,,,,,,,
The Dig,2021,Simon Stone,7,7,,,,,,,,,,
From dust Till Dawn,1996,,7,,,7,,,,,,,,
The devil wears prada,2006,,7,,,7,,,,,,,,
9 (animated movie),2009,Shane Acker,7,,,7,,,,,,,,
Red Sparrow,2018,,7,,,7,,,,,,,,
Prisoners,2013,Denis Villeneuve,6.98,6.5,6.5,,,7.6,,,7.3,,,
Lawless ,2012,John Hillcoat,6.97,6.9,7,7,,,,,,,,
Whiplash,2014,Damien Chazelle,6.97,6.3,,7,,7.6,,,,,,
Anger Managment,2003,,6.97,7,,5.9,8,,,,,,,
harry potter and the goblet of fire,,,6.97,6.5,,6.9,7.5,,,,,,,
Chicken Run,2000,,6.97,6.9,,7,7,,,,,,,
Kung Fu Panda,,,6.95,7.5,7,6.3,7,,,,,,,
Your Name,2016,,6.9,,6.9,,,,,,6.9,,,
Wind River,2017,Taylor Sheridan,6.95,,6.4,,,7.5,,,,,,
A Quiet Place Part II,2020,John Krasinski,6.95,,,,,6.9,,,7,,,
127 hours,2010,,7,7,,,,,,,,,,
The Big Lebowski,1998,"Joel Coen, Ethan Coen",6.95,,,6.9,,7,,,,,,
Unhinged,2020,Derrick Borte,6.95,6.9,,7,,,,,,,,
Inside Llewyn Davis,2009,"Ethan Coen, Joel Coen",6.85,6.6,,,,,,,7.1,,,
The Machinist,2004,Brad Anderson,6.93,,6.9,6.9,,7,,,,,,
Sicario,2015,Denis Villeneuve,6.93,6.2,,7.5,,7.1,,,,,,
Prometheus,2012,Ridley Scott,6.9,7.2,,6.4,,7.1,,,,,,
District 9 ,2009,Neill Blomkamp,6.9,7.1,6.7,,,,,,,,,
American Beauty,1999,Sam Mendes,6.9,6.5,6.5,7.1,,7.5,,,,,,
The Iceman,2012,Ariel Vromen,6.9,,,,,6.9,,,,,,
Indiana Jones and the Last Crusade,1989,Steven Spielberg,6.9,,,,,6.9,,,,,,
The Aviator,2004,Martin Scorsese,6.9,6.6,,7.2,,,,,,,,
Annie Hall,1977,Woody Allen,6.9,6.7,,7.1,,,,,,,,
Underdogs,2013,,6.9,6.8,,7,,,,,,,,
The Last Temptation of Christ,1988,Martin Scorsese,6.9,6.8,,7,,,,,,,,
Tomb Raider,2018,,6.9,,,6.9,,,,,,,,
Singin' in the Rain,1952,"Stanley Donen, Gene Kelly",6.9,,,6.9,,,,,,,,
Dark Shadows,2012,Tim Burton,6.9,,,6.9,,,,,,,,
Batman,1989,Tim Burton,6.9,,,6.9,,,,,,,,
Waterloo,1970,Sergey Bondarchuk,6.8,6.9,,,,6.7,,,,,,
The way way back,2013,,6.9,6.9,,,,,,,,,,
The Road,2009,,6.9,6.9,,,,,,,,,,
The Mission,1986,,6.9,6.9,,,,,,,,,,
The Kids Are All Right,2010,Lisa Cholodenko,6.9,6.9,,,,,,,,,,
The Girl Who Played with Fire,2009,Daniel Alfredson,6.9,6.9,,,,,,,,,,
Robin Hood,2010,,6.9,6.9,,,,,,,,,,
Here Comes the Boom,2012,,6.9,6.9,,,,,,,,,,
The Gift,2015,Joel Edgerton,6.9,6.9,,,,,,,,,,
Real Steel,2011,Shawn Levy,6.9,6.9,,,,,,,,,,
coda,2021,sian heder,6.9,,,,,,,,6.9,,,
Tropic Thunder,2008,Ben Stiller,6.9,6.8,,7,,,,,,,,
Dune,2021,,6.9,,,,,,,,6.9,,,
The Past,2013,Asghar Farhadi,6.9,6.5,,7.1,,7.1,,,,,,
harry potter and the deathly hallows 2,,,6.9,6.9,,6.6,7.2,,,,,,,
Knives Out,2019,Rian Johnson,6.88,5.8,,7,,7.7,,,6.9,7,,
The Hangover,2009,,6.88,6.5,,7.5,7.5,6.5,,,6.4,,,
Perfect Strangers,2016,Paolo Genovese,6.88,6.1,7,,,7.5,,,6.9,,,
Silver Linings Playbook,2012,David O. Russell,6.88,6.2,6.8,7,,7.5,,,,,,
The Fountain,2006,Darren Aronofsky,6.88,6.6,,7,,7.4,,,6.5,,,
Wreck-It Ralph,2012,,6.87,6.9,6.8,,,,,,6.9,,,
Love and other drugs,2010,,6.85,,,6.9,,,,,6.8,,,
50/50,2011,Jonathan Levine,6.85,6.7,7,,,,,,,,,
home alone 1,,,6.85,6.9,,7,6.5,,,7,,,,
The Thing,1982,John Carpenter,6.83,6.8,6.9,,,6.8,,,,,,
Joker,2019,Todd Phillips,6.83,7.7,,,5,7.4,,,7.2,,,
Her,2013,Spike Jonze,6.82,6.3,,7.3,,8,,6,6.5,,,
The Adventures of Tintin,,,6.8,6.7,,6.9,,,,,,,,
A Dangerous Method,2011,,6.8,6.7,,6.9,,,,,,,,
Tinker Tailor Soldier Spy,2011,Tomas Alfredson,6.8,7.1,6.8,,,6.6,,,6.7,,,
the boss baby,2017,,6.8,7,,,,,,,6.6,,,
The Man from Nowhere,2010,Jeong-beom Lee,6.8,,,,,6.8,,,,,,
The Witch,2015,Robert Eggers,6.8,,,,,6.8,,,,,,
The Matrix Revolutions,2003,"Lana Wachowski, Lilly Wachowski",6.8,,,,,6.8,,,,,,
Frida,2002,Julie Taymor,6.8,,,,,6.8,,,,,,
The Intern,2015,,6.8,,,6.8,,,,,,,,
Manhattan,,,6.8,,,6.8,,,,,,,,
War Horse,2011,,6.8,6.8,,,,,,,,,,
War Dogs,2016,,6.8,6.8,,,,,,,,,,
The Ten Commandments,,,6.8,6.8,,,,,,,,,,
the meyerowitz stories,,,6.8,6.8,,,,,,,,,,
The Last Lions,2011,,6.8,6.8,,,,,,,,,,
get the gringo,2012,,6.8,6.8,,,,,,,,,,
cell 211,2009,,6.8,6.8,,,,,,,,,,
Agora,2009,Alejandro Amenabar,6.8,6.8,,,,,,,,,,
Death Proof,2007,Quintine Tarantino,6.8,,,6.8,,,,,,,,
The Endless,2017,Justin Benson,6.8,,6.8,,,,,,,,,
Batman Begins,2005,Christopher Nolan,6.78,5.4,6.4,7,7.3,7.8,,,,,,
Portrait of a Lady on Fire,2019,Céline Sciamma,6.78,5.7,6.5,,,8.4,,,6.5,,,
Baby Driver,2017,Edgar Wright,6.78,6.7,,,6.5,7,,,6.9,,,
The Perks of Being a Wallflower,2012,Stephen Chbosky,6.77,6,,,,7.3,,,7,,,
Blue Is the Warmest Colour,2013,Abdellatif Kechiche,6.76,5.9,,,7.8,8.1,,6.2,5.8,,,
The Martian,2015,Ridley Scott,6.75,6.3,6.5,8.1,,7.1,,6,6.5,,,
500 Days of Summer,2009,Marc Webb,6.75,,6.6,,,7.1,,,6.8,6.5,,
Cloudy with a Chance of Meatballs,,,6.75,6.7,,6.5,,,,,6.8,7,,
Minions,2015,,6.75,6.7,,,,,,,6.8,,,
Limitless,2011,Neil Burger,6.75,7,,,,6.5,,,,,,
The Next Three Days,2010,,6.75,6.5,,,7,,,,,,,
Little Miss Sunshine,2016,"Valerie Faris, Jonathan Dayton",6.75,8.6,,4.9,,,,,,,,
despicable me 1,,,6.75,7,,,6.5,,,,,,,
Ralph breaks the internet,2018,,6.73,6.6,,,6,,,,7.6,,,
Ratatouille,2007,,6.7,6.8,6.7,6.5,6.8,,,,,,,
Tangerines,2013,Zaza Urushadze,6.7,,6.7,,,,,,,,,
The Constant Gardener,2005,Fernando Meirelles,6.7,,6.2,,,7.2,,,,,,
Doctor Strange,2016,Scott Derrickson,6.7,6,,,,7.1,,,7,,,
The Wailing,2016,Hong-jin Na,6.7,,,,,6.7,,,,,,
The Invisible Man,2020,Leigh Whannell,6.7,,,,,6.7,,,,,,
Straw Dogs,1971,Sam Peckinpah,6.7,,,,,6.7,,,,,,
Revenge,2017,Coralie Fargeat,6.7,,,,,6.7,,,,,,
Lucky,2017,,6.7,,,6.7,,,,,,,,
Welcome to Sarajevo,1997,,6.7,6.7,,,,,,,,,,
the longest yard,2005,,6.7,6.7,,,,,,,,,,
the grey,,,6.7,6.7,,,,,,,,,,
Long Shot,2019,,6.7,6.7,,,,,,,,,,
house of sand and fog,2003,,6.7,6.7,,,,,,,,,,
An Education,2009,,6.7,6.7,,,,,,,,,,
Oculus,2013,Mike Flanagan,6.7,6.7,,,,,,,,,,
hidden figures,2016,,6.7,,,,,,,,6.7,,,
Harry Potter,,,6.67,6,,6.5,7.5,,,,,,,
Alice in Wonderland,2010,Tim Burton,6.67,6.2,,6.9,6.9,,,,,,,
brothers,2009,,6.65,,,,6.5,,,,6.8,,,
The Platform,2019,Galder Gaztelu-Urrutia,6.65,,,,,6.8,,,6.5,,,
The Hunchback of Notre Dame,1996,,6.65,6.3,,7,,,,,,,,
Pig,2021,Michael Sarnoski,6.65,6.5,,,,6.8,,,,,,
The Town,2010,Ben Affleck,6.63,6,,,,7.2,,,6.7,,,
Due date,2010,,6.6,6.2,,,7.2,,,,6.4,,,
Panic Room,2002,David Fincher,6.6,6.3,,7,,,,,6.5,,,
Enemy,2013,Denis Villeneuve,6.6,6,6.5,5.9,,7.7,,,6.9,,,
Deadpool,2016,Tim Miller,6.6,6,,7,7.8,6,,,6.2,,,
Angels & Demons,2009,Ron Howard,6.6,6.6,,,,6.6,,,,,,
Twin Peaks: Fire Walk with Me,1992,David Lynch,6.6,,,,,6.6,,,,,,
The Ring,2002,Gore Verbinski,6.6,,,,,6.6,,,,,,
Indiana Jones and the Raiders of the Lost Ark,1981,Steven Spielberg,6.6,,,,,6.6,,,,,,
Blood Father,2016,Jean-Francois Richet,6.6,6.7,,,,6.5,,,,,,
Nymphomaniac: Vol. II,2013,Lars von Trier,6.6,7.1,,,,6.1,,,,,,
Victoria and Abdul,2017,,6.6,6.6,,,,,,,,,,
The Village,2004,,6.6,6.6,,,,,,,,,,
The Book of Life,2014,,6.6,6.6,,,,,,,,,,
predators,2010,,6.6,6.6,,,,,,,,,,
ParaNorman,2012,,6.6,6.6,,,,,,,,,,
Mr Turner,2014,,6.6,6.6,,,,,,,,,,
jerry maguire,,,6.6,6.6,,,,,,,,,,
Irresistible,2020,Jon Stewart,6.6,6.6,,,,,,,,,,
Gandhi,,,6.6,6.6,,,,,,,,,,
Frank,2014,,6.6,6.6,,,,,,,,,,
Far from the Madding Crowd,2015,,6.6,6.6,,,,,,,,,,
Eden,2012,,6.6,6.6,,,,,,,,,,
Keanu,2016,Peter Atencio,6.6,6.6,,,,,,,,,,
despicable me 2,2013,,6.6,6.2,,,7,,,,,,,
Us,2019,Jordan Peele,6.6,,,,,6.6,,,,,,
The Fault in Our Stars,2014,Josh Boone,6.57,6.3,6.5,6.9,,,,,,,,
Horrible Bosses,2011,Seth Gordon,6.57,6.8,,6,,,,,6.9,,,
Atomic Blonde,2017,David Leitch,6.55,,,,,6.7,,,6.4,,,
Secretary,2002,Steven Shainberg,6.55,6.1,,7,,,,,,,,
incredibles 1,,,6.55,6.6,,,6.5,,,,,,,
The Animatrix,2003,,6.55,6,,7.1,,,,,,,,
The lion king,2019,,6.55,6.1,,,7,,,,,,,
Harry Potter and the philosophers stone,,,6.55,6.1,,,7,,,,,,,
Ip Man,2008,,6.53,6,6.5,,,7.1,,,,,,
Gravity ,2013,Alfonso Cuarón,6.52,6.1,6,,6.1,7.9,,,6.5,,,
Captain Fantastic,2016,Matt Ross,6.5,6.2,6.9,5.6,,,,,7.3,,,
The Hobbit: The Desolation of Smaug,2013,Peter Jackson,6.5,6.1,6.5,,6.7,6.7,,,,,,
Split,2016,M. Night Shyamalan,6.5,8.1,,,4,7.4,,,,,,
Moana,2016,,6.5,6.1,,6.5,,,,,,6.9,,
venom,2018,,6.5,6.1,,,7,,,,6.4,,,
Serenity,2005,Joss Whedon,6.5,,,,,6.5,,,,,,
The Butterfly Effect,2004,"Eric Bress, J. Mackye Gruber",6.5,,,7.5,,5.5,,,,,,
harry potter and the chamber of secret,,,6.5,6,,6.5,7,,,,,,,
The Captain,2017,,6.5,,,,6.5,,,,,,,
Bad Boys for Life,2020,"Adil El Arbi, Bilall Fallah",6.5,,,,6.5,,,,,,,
Equilibrium,2002,,6.5,6,,7,,,,,,,,
Everything you always wanted to know about sex (but were afraid to ask),1972,Woody Allen,6.5,,,6.5,,,,,,,,
Welcome to the Rileys,2010,,6.5,6.5,,,,,,,,,,
The Last Castle,2001,,6.5,6.5,,,,,,,,,,
The Imaginarium of Doctor Parnassus,2009,,6.5,6.5,,,,,,,,,,
The Book Thief,,,6.5,6.5,,,,,,,,,,
Life,2017,Daniel Espinosa,6.5,6.5,,,,,,,,,,
Exam,2009,Stuart Hazeldine,6.5,6.5,,,,,,,,,,
Dark Places,2015,,6.5,6.5,,,,,,,,,,
Escape from Pretoria,2020,Francis Annan,6.5,6.5,,,,,,,,,,
the ballad of buster scruggs,2018,Coen brothers,6.5,,,,,,,,6.5,,,
the autopsy of jane doe,2017,andre ovredal,6.5,,,,,,,,6.5,,,
Black Widow,2021,,6.5,,,6.5,,,,,,,,
The unknown Woman,2006,Giuseppe Tornatore,6.5,,,6.5,,,,,,,,
Borat,2006,Sacha Baron Cohen,6.5,,,6.5,,,,,,,,
Mirage,2018,Oriol Paulo,6.47,6.5,6.5,,,,,,6.4,,,
Corpse Bride,,Tim Burton,6.47,5.5,,6.9,,,,,,7,,
Cinderella,2015,,6.47,6.7,,6.3,,,,,6.4,,,
Arrival,2016,Denis Villeneuve,6.47,5.6,,6.9,,6.9,,,,,,
The Hobbit: The Battle of the Five Armies,2014,Peter Jackson,6.47,6.1,,,6.7,6.6,,,,,,
Outlaw King,2018,David Mackenzie,6.45,7,5.9,,,,,,,,,
The King,2019,David Michôd,6.45,6.4,,,,,,,6.5,,,
big daddy,,,6.45,5.9,,,7,,,,,,,
Mulan,,,6.45,6.5,,6.4,,,,,,,,
Side Effects,2013,Steven Soderbergh,6.45,6.7,,,,6.2,,,,,,
3.6,2019,,6.45,6.1,,,6.8,,,,,,,
Dunkirk,2017,Christopher Nolan,6.43,6.7,5,6.5,7.1,6.9,,,6.4,,,
American Hustle,2013,David O. Russell,6.43,6.3,,6.5,,6.5,,,,,,
Source Code,2011,Duncan Jones,6.4,5.6,6.4,,,7,,,6.6,,,
The Quick and the Dead,1995,Sam Raimi,6.4,,,,,6.4,,,,,,
The Conjuring: The Devil Made Me Do It,2021,Michael Chaves,6.4,,,,,6.4,,,,,,
Primal Fear,1996,Gregory Hoblit,6.4,,,,,6.4,,,,,,
Lucky Number Slevin,2006,Paul McGuigan,6.4,,,,,6.4,,,,,,
Greyhound,2020,Aaron Schneider,6.4,,,,,6.4,,,,,,
the edge,1997,,6.4,6.4,,,,,,,,,,
oblivion,2013,,6.4,6.4,,,,,,,,,,
Mary Queen of Scots,2018,,6.4,6.4,,,,,,,,,,
Devil,2010,John Erick Dowdle,6.4,6.4,,,,,,,,,,
Cinco de Mayo_ La Batalla,2013,,6.4,6.4,,,,,,,,,,
Captain Alatriste,,,6.4,6.4,,,,,,,,,,
Bird Box,2018,Susanne Bier,6.4,6.4,,,,,,,,,,
Beauty and the Beast,1991,,6.4,6.4,,,,,,,,,,
Alois Nebel,2011,,6.4,6.4,,,,,,,,,,
Star Wars: A New Hope,1997,George Lucas,6.4,6.4,,,,,,,,,,
Interview with the Vampire,1994,Neil Jordan,6.4,6.7,5.5,7,,,,,,,,
How to Train Your Dragon,,,6.38,6.1,6.4,6.5,,,,,6.5,,,
Midnight in Paris,2011,Woody Allen,6.38,6.5,6.3,6.5,,,,,6.2,,,
Brave,2012,,6.35,6,,7,6.2,,,,6.2,,,
The Croods,2013,,6.35,6.2,,,,,,,6.5,,,
Johnny English reborn,2011,,6.35,6.2,,,6.5,,,,,,,
The Gentlemen,2019,Guy Ritchie,6.35,6,,6.5,,6.4,,,6.5,,,
American Sniper,2014,Clint Eastwood,6.33,5.8,,,6.3,6.8,,,6.4,,,
The Hobbit: An Unexpected Journey,2012,Peter Jackson,6.33,6,6,,6.7,6.6,,,,,,
Southpaw,2015,,6.3,6.2,,,,,,,6.4,,,
Monsters University,2013,,6.3,6.2,,,,,,,6.4,,,
Hangover II,,,6.3,5.5,,6.5,7,,,,6.2,,,
The Hidden Face,2011,Andrés Baiz,6.3,,6.3,,,,,,,,,
No Sudden Move,2021,Steven Soderbergh,6.3,,,,,6.3,,,,,,
The Painted Veil,2006,,6.3,6.3,,,,,,,,,,
the messenger the story of Joan of Arc,1999,,6.3,6.3,,,,,,,,,,
Mortal Engines,2018,Christian Rivers,6.3,6.3,,,,,,,,,,
Jason and the Argonauts,2000,,6.3,6.3,,,,,,,,,,
Final destination 1,2000,,6.3,6.3,,,,,,,,,,
Bad Times at El Royale,2016,Drew Goddard,6.3,6.3,,,,,,,,,,
Dan in Real Life,2007,Peter Hedges,6.3,6.3,,,,,,,,,,
time crimes,2007,nacho vigalondo,6.3,,,,,,,,6.3,,,
Pirates of the Caribbean: On Stranger Tides,2011,Rob Marshall,6.3,5.6,,7,,6.3,,,,,,
The Conjuring 2,2016,James Wan,6.26,7.3,7,6.5,4,6.5,,,,,,
Les Misérables,2012,Tom Hooper,6.25,6.8,,,,,,,5.7,,,
Dawn of Planet of The Apes,,,6.25,5.5,,7,,,,,,,,
"Love, Simon",2018,Greg Berlanti,6.25,6.2,,,,,,,6.3,,,
Daddys Home ,2015,,6.25,5,,,7.5,,,,,,,
Apocalypse Now,1979,Francis Ford Coppola,6.23,6,5.5,,,7.2,,,,,,
World War Z,2013,Marc Forster,6.23,6.4,,,6.3,6,,,,,,
John Wick,2014,"Chad Stahelski, David Leitch",6.22,4.3,6.5,,7,6.5,,,6.8,,,
Mr. Peabody & Sherman,2014,,6.2,6.2,,,,,,,6.2,,,
Turbo ,2013,,6.2,6.2,,,,,,,6.2,,,
Immortal Beloved,1994,Bernard Rose,6.2,,6.2,,,,,,,,,
Suicide Squad 1,,,6.2,5,,6.4,7.2,,,,6.2,,,
Enter the Void,2009,Gaspar Noé,6.2,,,,,6.2,,,,,,
Body of Lies,2008,Ridley Scott,6.2,,,,,6.2,,,,,,
The whole nine yards,2000,,6.2,6.2,,,,,,,,,,
The Liberator,2013,,6.2,6.2,,,,,,,,,,
the family,2013,,6.2,6.2,,,,,,,,,,
The Damned United,2009,,6.2,6.2,,,,,,,,,,
Stuck in love,2012,,6.2,6.2,,,,,,,,,,
Dorian Gray,2009,,6.2,6.2,,,,,,,,,,
Murder on the Orient Express,2017,Kenneth Branagh,6.2,6.2,,,,,,,6.2,,,
the guilty,2021,antoine Fuqua,6.2,,,,,,,,6.2,,,
the brothers grimsby,2016,louis leterrier,6.2,,,,,,,,6.2,,,
Bridge of Spies,2015,Steven Spielberg,6.15,5.1,,,,7.2,,,,,,
The Book of Eli,2010,"Albert Hughes, Allen Hughes",6.15,5.7,,,,6.6,,,,,,
Ocean's Eleven,2001,Steven Soderbergh,6.15,6.1,,,,6.2,,,,,,
Johny English strikes again,2018,,6.15,5.8,,,6.5,,,,,,,
Jurassic world,2015,,6.15,6.3,,,6,,,,,,,
Game Night,2018,"John F. Daley, Jonathan Goldstein",6.15,6,,,,,,,6.3,,,
You Don't Know Jack,2010,Barry Levinson,6.1,,6.1,,,,,,,,,
Filth,2013,,6.1,6.2,6,,,,,,,,,
Notes on a Scandal,2006,Richard Eyre,6.1,,,,,6.1,,,,,,
War Of The World,2005,,6.1,6.1,,,,,,,,,,
Unknown,2006,Simon Brand,6.1,6.1,,,,,,,,,,
The Island,2005,,6.1,6.1,,,,,,,,,,
Spiderman into the spider verse,2018,,6.1,6.1,,,,,,,,,,
Septembers of Shiraz,2015,,6.1,6.1,,,,,,,,,,
My Week with Marilyn,,,6.1,6.1,,,,,,,,,,
Mad Max 2,1981,,6.1,6.1,,,,,,,,,,
Battle for Sevastopol,2015,,6.1,6.1,,,,,,,,,,
Enter Nowhere,2011,Jack Heller,6.1,6.1,,,,,,,,,,
Don't Breath,2016,Peter Hedges,6.1,6,,,,,,,6.2,,,
this means war,2012,,6.1,,,,,,,,6.1,,,
Gone Girl,2014,David Fincher,6.08,3.3,5.4,7,,7.5,,,6.3,7,,
Shaolin Soccer,2001,,6.07,6.6,5.7,5.9,,,,,,,,
Pirates of the Caribbean: Dead Men Tell No Tales,2017,"Joachim Rønning, Espen Sandberg",6.07,5,,6,7.2,,,,,,,
Logan,2017,James Mangold,6.07,6,,,6,6.2,,,,,,
harry potter and order of the phoenix,,,6.05,6.1,,,6,,,,,,,
Pride & Prejudice,2005,,6.05,6.1,,,,,,,6,,,
The Italian Job,2003,F. Gary Gray,6.05,6.1,,,,6,,,,,,
Exodus: Gods and Kings,2014,Ridley Scott,6.05,6.1,,,,6,,,,,,
Alien: Covenant,2017,Ridley Scott,6.05,6.1,,,,6,,,,,,
the experiment,,,6.05,6,,,,,,,6.1,,,
guardians of the galaxy,,,6.05,5.1,,7,,,,,,,,
American pie,,,6.05,6.1,,6,,,,,,,,
Warcraft,2016,Duncan Jones,6,6.3,,6,,6,,,5.7,,,
Rush,2013,Ron Howard,6,,6,,,,,,,,,
Focus,2015,"Glenn Ficarra, John Requa",6,,5,,7,,,,,,,
Life of Pi,2012,Ang Lee,6,7,5,,,,,,,,,
kill your darlings,2013,,5.8,,,,,,,,5.8,,,
Black Hawk Down,2001,Ridley Scott,6,5.5,,,,6.5,,,,,,
Disobedience,2017,Sebastián Lelio,6,,,,,6,,,,,,
harry potter and prisoner of azkaban,,,6,6,,5,7,,,,,,,
Wasabi,2001,,6,6,,,,,,,,,,
War for the Planet of the Apes,2017,,6,6,,,,,,,,,,
The.Chronicles.of.Narnia,,,6,6,,,,,,,,,,
The Mask of Zorro,,,6,6,,,,,,,,,,
Sharpe's Waterloo,1997,,6,6,,,,,,,,,,
Mad Max 1,1979,,6,6,,,,,,,,,,
Lone Ranger,2013,,6,6,,,,,,,,,,
It's complicated,2009,,6,6,,,,,,,,,,
In the Heart of the Sea,2015,,6,6,,,,,,,,,,
Cube,1997,,6,6,,,,,,,,,,
About Time,2013,,6,6,,,,,,,,,,
A Little Chaos,2014,,6,6,,,,,,,,,,
Let's be Cops,2014,Luke Greenfield,6,6,,,,,,,,,,
I am Mother,2019,Grant Sputore,6,6,,,,,,,,,,
On the Basis of Sex,2018,Mimi Leder,6,6,,,,,,,,,,
extremely wicked shockingly evil and vile,2019,,6,,,,,,,,6,,,
the edge of seventeen,2016,,6,,,,,,,,6,,,
the vault,2021,,6,,,,,,,,6,,,
mary shelley,2017,,6,,,,,,,,6,,,
Ted 2,2015,Seth MacFarlane,6,5,,6,7,,,,,,,
deadpool 2,2018,,5.93,4.3,,7,6.5,,,,,,,
Moonlight,2016,Barry Jenkins,5.9,,,,,5.9,,,,,,
X-Men,2000,brian Singer,5.9,6,,,,5.8,,,,,,
Sin City,2005,"Frank Miller, Robert Rodriguez, Quentin Tarantino",5.9,6,,6.1,5.5,6,,,,,,
The Devil All the Time,2020,Antonio Campos,5.9,,6,,,,,,5.8,,,
Wonder,2017,,5.9,,5.9,,,,,,,,,
dead man down,2013,Niels Arden Oplev,5.9,,,,,,,,5.9,,,
Saw,2004,James Wan,5.9,,,,,5.9,,,,,,
Basic Instinct,1992,Paul Verhoeven,5.9,,,,,5.9,,,,,,
Jackie Brown,,,5.9,,,5.9,,,,,,,,
Equalizer,,,5.9,,,5.9,,,,,,,,
The Young and Prodigious T.S. Spivet,,,5.9,5.9,,,,,,,,,,
Colonia,2015,,5.9,5.9,,,,,,,,,,
Star Trek,2016,J. J. Abrams,5.9,5.9,,,,,,,,,,
shiva baby,2020,emma seligman,5.9,,,,,,,,5.9,,,
the art of getting by,2011,,5.9,,,,,,,,5.9,,,
dont breath 2,2021,,5.9,,,,,,,,5.9,,,
the beautiful fantastic,2016,,5.9,,,,,,,,5.9,,,
Now You See Me,2013,Louis Leterrier,5.9,6,6.5,,,5.2,,,,,,
Jumanji: Welcome to the Jungle,2017,,5.9,5.5,,6,6.2,,,,,,,
Non-Stop,,,5.85,5.8,5.8,,,5.9,,,5.9,,,
Carol,2015,Todd Haynes,5.85,,5,6,4,8.4,,,,,,
The Hangover Part III,,,5.83,5,,6.5,6,,,,,,,
Dreamland,2020,Miles Joris-Peyrafitte,5.8,,,,,,,,5.8,,,
Terminator: Dark Fate,2019,Tim Miller,5.8,,,,,5.8,,,,,,
You were never really here,2017,,5.8,5.8,,,,,,,,,,
The Man In The Iron Mask,1998,,5.8,5.8,,,,,,,,,,
The call of the wild,,,5.8,5.8,,,,,,,,,,
The Ant Bully ,2006,,5.8,5.8,,,,,,,,,,
Nut job,,,5.8,5.8,,,,,,,,,,
Bruce Almighty,,,5.8,5.8,,,,,,,,,,
Alita: Battle Angel,2016,Robert Rodriguez,5.8,5.8,,,,,,,,,,
bad teacher,2011,,5.8,,,,,,,,5.8,,,
We're the Millers,2013,,5.8,4.5,,7,,,,,5.9,,,
in your eyes,2014,,5.8,,,,,,,,5.8,,,
Mr. Brooks,2007,Bruce Evans,5.77,5.8,5,6.5,,,,,,,,
Centurion,2010,,5.75,6.4,5.1,,,,,,,,,
Five Feet Apart,2019,,5.75,5.5,,,,,,6,,,,
Ready Player One,2018,Steven Spielberg,5.75,5,,6.5,,,,,,,,
"Crazy, Stupid, Love.",2011,"Glenn Ficarra, John Requa",5.7,5,,,,,,,6.4,,,
Unknown,2011,Jaume Collet-Serra,5.7,5.7,,,,,,,,,,
Gringo,2018,,5.7,5.7,,,,,,,,,,
Greenland,2020,Ric Roman Waugh,5.7,5.7,,,,,,,,,,
A Cat in Paris ,2010,,5.7,5.7,,,,,,,,,,
overdrive,2017,Antonio negret,5.7,,,,,,,,5.7,,,
the king of staten island,2020,,5.7,,,,,,,,5.7,,,
nerve,2016,,5.7,,,,,,,,5.7,,,
romeo and juliet,2013,,5.2,,,,,,,,5.2,,,
Noah,2014,Darren Aronofsky,5.65,6,,,,4.8,,6.5,5.3,,,
Captain America: Civil War,2016,,5.65,5.3,,,6,,,,,,,
Bolt,2008,,5.6,6.4,,5.9,4.5,,,,,,,
Terminator 3: Rise of the Machines,2003,Jonathan Mostow,5.6,,5,,5.8,6,,,,,,
Frozen,2013,,5.6,4.8,5,8,,,,,5.2,5,,
Predestination,2014,"Michael Spierig, Peter Spierig",5.6,,,,,4.8,,,6.4,,,
12 Strong,2018,Nicolai Fuglsig,5.6,,,,,5.6,,,,,,
Stonehearst Asylum,2014,,5.6,5.6,,,,,,,,,,
vivarium,2019,lorcan finnegan,5.6,,,,,,,,5.6,,,
the vanishing of sidney hall,2017,,5.6,,,,,,,,5.6,,,
never rarely sometomes always,2020,,5.6,,,,,,,,5.6,,,
friends with benefits,2011,,5.6,,,,,,,,5.6,,,
the internship,2013,,5.6,,,,,,,,5.6,,,
Spider-Man,2002,Sam Raimi,5.54,5.4,4.5,6.4,6,5.4,,,,,,
Man on Fire,,,5.5,,5.5,,,,,,,,,
Tag,2018,Jeff Tomsic,5.5,,,5.5,,,,,,,,
Argo ,2012,Ben Affleck,5.5,4,,5.1,,7.4,,,,,,
wonder woman,2017,,5.5,,,5.5,,,,,,,,
Justice League,2017,,5.5,,,5.5,,,,,,,,
The Weather Man,2005,,5.5,5.5,,,,,,,,,,
Seraphim Falls,2006,,5.5,5.5,,,,,,,,,,
Meet the Robinsons,2007,,5.5,5.5,,,,,,,,,,
Fools rush in,1997,,5.5,5.5,,,,,,,,,,
Divergent,2014,,5.5,5.5,,,,,,,,,,
Daddy's Home 2,2017,,5.5,5.5,,,,,,,,,,
Borat 2,,,5.5,5.5,,,,,,,,,,
Absolutely Anything,2015,,5.5,5.5,,,,,,,,,,
Lady of the Manor,2021,,5.5,,,5.5,,,,,,,,
Flight,2012,Robert Zemeckis,5.4,,5.1,,,5.7,,,,,,
Mars Attacks,,,5.4,,,5.4,,,,,,,,
Tower Heist,2011,,5.4,5.4,,,,,,,,,,
Regression,2015,,5.4,5.4,,,,,,,,,,
Puss in Boots,2011,,5.4,5.4,,,,,,,,,,
Red 2,,,5.37,3,,6,7.1,,,,,,,
Run All Night,2015,Jaume Collet-Serra,5.35,5.3,,,,5.4,,,,,,
Ant-Man,2015,,5.35,5.4,,,5.3,,,,,,,
Hell boy,,,5.3,4.9,5,6,,,,,,,,
The Devil's Double,2011,Lee Tamahori,5.3,,,,,5.3,,,,,,
Pokemon detective Pkachu,2019,,5.3,5.3,,,,,,,,,,
Labor day,2013,,5.3,5.3,,,,,,,,,,
Stardust,2018,Matthew Vaughn,5.3,5.3,,,,,,,,,,
Hereditary,2018,Ari Aster,5.28,4.4,5,5.1,,6.6,,,,,,
Fifty shades of grey,2015,,5.25,5.1,,,,,,,5.4,,,
Desperado,1995,Robert Rodriguez,5.2,5.5,5.3,,,4.8,,,,,,
The Piano,,,5.2,,5.2,,,,,,,,,
Mechanic: Resurrection,2016,Dennis Gansel,5.2,,,,,5.2,,,,,,
Bedtime Stories,2008,,5.2,4.9,,,5.5,,,,,,,
Horrible Bosses 2,,,5.2,5.2,,,,,,,,,,
X2,2003,brian Singer,5.2,5.2,,,,,,,,,,
beautiful creatures,2013,,5.2,,,,,,,,5.2,,,
scott pilgrim,,,5.15,5.6,,,,,,,4.7,,,
Public Enemies,2009,Michael Mann,5.13,5.1,5,,,,,,5.3,,,
Terminator Salvation,2009,McG,5.13,5.7,5,,,4.7,,,,,,
get hard,2015,,5.1,4.1,,6,5.2,,,,,,,
Excalibur,1981,John Boorman,5.1,,,,,5.1,,,,,,
Valiant,2005,,5.1,5.1,,,,,,,,,,
The Old Guard,2020,,5.1,5.1,,,,,,,,,,
Hall Pass,2011,Pete Jones,5.1,5.1,,,,,,,,,,
blended,,,5.05,5.1,,5,,,,,,,,
Clash of the Titans,2010,Louis Leterrier,5.03,5,4.7,5.9,,4.5,,,,,,
Palmer,2021,Fisher Stevens,5,,5,,,,,,,,,
Dog Soldiers,,,5,,5,,,,,,,,,
The Da Vinci Code,2006,Ron Howard,5,4,,,,6,,,,,,
King Arthur,2004,Antoine Fuqua,5,,,,,5,,,,,,
Madagascar - Escape 2 Africa,2008,,5,4,,,6,,,,,,,
Johnny English strikes again,2018,,5,4,,,6,,,,,,,
This Is The End,,,5,5,,,,,,,,,,
The Man from U.N.C.L.E.,2015,,5,5,,,,,,,,,,
The Counselor,2013,,5,5,,,,,,,,,,
Teenage Mutant Ninja Turtles,2014,,5,5,,,,,,,,,,
Serenity,2019,Steven Knight,5,5,,,,,,,,,,
Runaway.jury,2003,,5,5,,,,,,,,,,
just-go-with-it,,,5,5,,,,,,,,,,
jurassic world fallen kingdom,2018,,5,5,,,,,,,,,,
Dracula Untold,2014,,5,5,,,,,,,,,,
50_First_Dates,,,5,5,,,,,,,,,,
Easy A,2010,,5,,,5,,,,,,,,
Kiss.Kiss.Bang.Bang,2005,,4.95,5,,4.9,,,,,,,,
Taken,2008,,4.93,4.5,4.3,,,6,,,,,,
In Time,2011,Andrew Niccol,4.93,5,4.5,,,5.1,,,5.1,,,
The Vacation,,,4.9,,,5,,,,,4.8,,,
Moon,2009,Duncan Jones,4.9,5.1,5,2,,7.5,,,,,,
Cloudy with a Chance of Meatballs 2,,,4.9,1.6,,5,,,,,6.5,6.5,,
A Monster in Paris,2011,,4.9,4.3,,5.5,,,,,,,,
Free Birds,2013,,4.9,4.9,,,,,,,,,,
Escape Plan,2013,,4.85,5.7,,,4,,,,,,,
Kick-Ass,2010,Matthew Vaughn,4.8,4.2,4.6,6,,4.4,,,,,,
incredibles 2,2018,,4.75,4.3,,,5.2,,,,,,,
Monster House,2006,,4.75,4.5,,,5,,,,,,,
Ice Age: Dawn of the Dinosaurs,2009,,4.73,4.6,4.9,,4.7,,,,,,,
Jack the giant slayer,2013,,4.7,4.7,,,,,,,,,,
Kung Fu Panda 2,,,4.67,4.5,5,,4.5,,,,,,,
It,2017,Andy Muschietti,4.67,5.3,,,3,,,,5.7,,,
Nobody,2021,Ilya Naishuller,4.67,1.8,,,,6.1,,,6.1,,,
Ice Age: Continental Drift,2012,,4.65,4.8,4.5,,,,,,,,,
The Proposal,2009,Anne Fletcher,4.65,4.3,,5,,,,,,,,
a million ways to die in the west,,,4.65,5,,4.3,,,,,,,,
Indecent Proposal,1993,Adrian Lyne,4.6,,,,,4.6,,,,,,
equals,2015,,4.6,,,,,,,,4.6,,,
Hitman: Agent 47,2015,Aleksander Bach,4.57,,,4.3,5.5,3.9,,,,,,
Solomon Kane,,,4.5,,4.5,,,,,,,,,
2012,2009,Roland Emmerich,4.5,3.7,,,,5.3,,,,,,
despicable me 3,2017,,4.5,4,,,5,,,,,,,
6 Underground,2019,Michael Bay,4.5,4,,,5,,,,,,,
The Water Diviner,2014,,4.5,4.5,,,,,,,,,,
I Care a Lot,2020,J. Blakeson,4.5,4.5,,,,,,,,,,
clueless,1995,,4.5,,,,,,,,4.5,,,
Love,2015,Gaspar Noé,4.4,,,,,4.4,,,,,,
Godzilla vs Kong,2021,,4.4,4.4,,,,,,,,,,
the hitmans wifes bodyguard,2021,,4.4,,,,,,,,4.4,,,
The Expendables,2010,Sylvester Stallone,4.35,4.7,,,,4,,,,,,
"I, Robot",2004,Alex Proyas,4.3,4,4,,,4.9,,,,,,
lucy,2014,,4.3,5,,3.5,4.5,,,,4.2,,,
Skyscraper,2018,Rawson Marshall Thurber,4.3,,,,,4.3,,,,,,
Alexander,2004,Oliver Stone,4.3,4.5,,,,4.1,,,,,,
Sophie's Choice,,,4.3,,,4.3,,,,,,,,
The Dictator,2012,Larry Charles,4.3,2,,6,,4.9,,,,,,
San Andreas,2015,Brad Peyton,4.2,,,,,4.2,,,,,,
guardians of the galaxy 2,2017,,4.2,4.2,,,,,,,,,,
Here are the young men,2021,,4.2,,,,,,,,4.2,,,
The rebound,2009,Bart Freundlich,4,,4,,,,,,,,,
Terminator Genisys,2015,Alan Taylor,4,,,,,4,,,,,,
Mortal Kombat,2021,Simon McQuoid,4,4.2,,,,3.8,,,,,,
Triangle,2009,,4,4,,,,,,,,,,
fantastic beasts and where to find them,2017,,4,4,,,,,,,,,,
The Marksman,2021,Robert Lorenz,4,4,,,,,,,,,,
Hulk,2003,Ang Lee,4,4,,,,,,,,,,
Superbad,,,4,,,4,,,,,,,,
"Meet the Spartans",2008,,4,,,4,,,,,,,,
Me before You,2016,,3.93,4.8,,,2,,,,4.4,4.5,,
Fantastic Four,2005,Tim Story,3.9,4,4,4,,3.6,,,,,,
Clouds Of Sils Maria,2014,,3.9,3.9,,,,,,,,,,
avengers  age of ultron,2015,,3.9,,,,,,,,3.9,,,
amazing spiderman,,,3.8,2,,,5.6,,,,,,,
Prince of Persia: The Sands of Time,2010,Mike Newell,3.77,2.2,,,,5.4,,,3.7,,,
The Dreamers,2003,Bernardo Bertolucci,3.75,3,,,,4.5,,,,,,
Basic Instinct 2,2006,Michael Caton-Jones,3.7,,,,,3.7,,,,,,
Thor,2011,Kenneth Branagh,3.6,3.6,,,,,,,,,,
Abraham Lincoln: Vampire Hunter,2012,Timur Bekmambetov,3.55,,,4,,3.1,,,,,,
300,2006,Zack Snyder,3.33,4.1,2.4,,,3.5,,,,,,
Insurgent,2015,Robert Schwentke,3.2,3.4,,,3,,,,,,,
Twilight,2008,Catherine Hardwicke,3.2,3.2,,,,,,,,,,
Knock Knock,2015,Eli Roth,3.1,3,,,,3.2,,,,,,
The Girl Next Door,2004,Luke Greenfield,3.03,0.1,4,5,,,,,,,,
The Swindlers,2017,Chang Won Jang,3,,3,,,,,,,,,
Original Sin,2001,Michael Cristofer,3,,,,,3,,,,,,
Selfless,2015,Tarsem Singh,3,3,,,,,,,,,,
alpha house,,,3,,,3,,,,,,,,
The Whole Ten Yards ,2004,Howard Deutch,2.9,2.9,,,,,,,,,,
Season of the Witch,2011,Dominic Sena,2.9,2.9,,,,,,,,,,
Extinction,2018,Spencer Cohen,2.8,2.8,,,,,,,,,,
G-Force,2009,Hoyt Yeatman,2.7,1.1,,4.3,,,,,,,,
Zombieland,2009,Ruben Fleischer,2.65,2.3,,3,,,,,,,,
Transformers: Revenge of the Fallen,2009,Michael Bay,2.63,1,3,3.9,,,,,,,,
The Day the Earth Stood Still,2008,Scott Derrikson,2.4,2.4,,,,,,,,,,
Resident Evil: Degeneration,2008,Makoto Kamiya,2,2,,,,,,,,,,
locked up,2017,,2,,,2,,,,,,,,
Mr. Deeds,2002,Steven Brill,1.9,1.9,,,,,,,,,,
Tau,2018,federico D'Alessandro,1.1,1.1,,,,,,,,,,
The Hunt,2020,Craig Zobel,0.8,0.8,,,,,,,,,,
Happy Gilmore,1996,Dennis Dugan,0.7,0.7,,,,,,,,,,
The Ridiculous 6,2015,Frank Coraci,0.6,0.6,,,,,,,,,,
Priceless,2016,Ben Smallbone,0.3,0.3,,,,,,,,,,
escape room tournament of champions,2021,,4.3,,,,,,,,4.3,,,
